id,first_name,last_name,email,country,car_model
1,Renato,Merigon,rmerigon0@zdnet.com,CZ,XJ
2,Juan,Baty,jbaty1@blogger.com,JP,Leganza
3,Moe,Asche,masche2@rakuten.co.jp,ID,Park Avenue
4,Brenda,Clorley,bclorley3@springer.com,PH,Caravan
5,Amity,Tremberth,atremberth4@yale.edu,SZ,Savana 1500
6,Lexie,Wakelin,lwakelin5@studiopress.com,ID,GranSport
7,Sheri,Matthiae,smatthiae6@addthis.com,ID,SRX
8,Jordan,Terrazzo,jterrazzo7@opensource.org,CN,Yukon XL 1500
9,Nicolai,Matteo,nmatteo8@bloglines.com,ID,Diablo
10,Pascal,Rendell,prendell9@nifty.com,CN,Ion
11,Randee,Caine,rcainea@scribd.com,US,TSX
12,Bernie,Ashcroft,bashcroftb@mapy.cz,SI,E250
13,Clemence,MacUchadair,cmacuchadairc@de.vu,MA,XJ Series
14,Flinn,Pedrocchi,fpedrocchid@nifty.com,CN,Mustang
15,Eimile,Curzon,ecurzone@deliciousdays.com,NO,Range Rover Sport
16,Alyse,Alkins,aalkinsf@adobe.com,NI,E-Class
17,Olivette,Janecki,ojaneckig@mozilla.org,US,E-Class
18,Brendin,McCarrell,bmccarrellh@ca.gov,BR,Eldorado
19,Borden,Barratt,bbarratti@etsy.com,CN,C8 Spyder
20,Mariya,Groocock,mgroocockj@oracle.com,CN,GS
21,Morgana,Perrins,mperrinsk@themeforest.net,IR,Sidekick
22,Beret,Ruthven,bruthvenl@businesswire.com,US,Evora
23,Catina,Bunyan,cbunyanm@gravatar.com,PH,S80
24,Raye,Cafe,rcafen@examiner.com,PT,M
25,Jeddy,Flanders,jflanderso@stumbleupon.com,CN,M3
26,Kilian,Cristofori,kcristoforip@bing.com,CN,S-Class
27,Yule,Dearsley,ydearsleyq@google.ca,AR,Aerio
28,Jacquelynn,Hardesty,jhardestyr@comsenz.com,US,Continental
29,Lanae,Hambribe,lhambribes@usatoday.com,CN,Veloster
30,Edeline,Sherrett,esherrettt@nba.com,FI,Brat
31,Olly,Ranken,orankenu@digg.com,LT,Vibe
32,Matelda,Wallbanks,mwallbanksv@un.org,ID,B-Series
33,Trista,Heather,theatherw@blog.com,RU,Exige
34,Emlynn,Egginson,eegginsonx@uiuc.edu,NZ,Eclipse
35,Zacharias,Gerriet,zgerriety@cam.ac.uk,CN,Topaz
36,Auguste,Cubuzzi,acubuzziz@livejournal.com,MN,Leone
37,Allan,Palmer,apalmer10@alexa.com,ID,Rendezvous
38,Batholomew,Dargie,bdargie11@auda.org.au,PT,Suburban 1500
39,Mariejeanne,Wagge,mwagge12@google.fr,PT,7 Series
40,Ula,Sneden,usneden13@live.com,SE,6 Series
41,Hercules,Emanulsson,hemanulsson14@angelfire.com,PT,Windstar
42,Piggy,Skyner,pskyner15@omniture.com,DO,MPV
43,Moshe,Maybury,mmaybury16@cbc.ca,CN,Elantra
44,Dionysus,Soldi,dsoldi17@1und1.de,CN,Odyssey
45,Veradis,Cripps,vcripps18@deviantart.com,EG,Sierra 2500
46,Judi,de Banke,jdebanke19@sphinn.com,ID,Thunderbird
47,Akim,Gentiry,agentiry1a@liveinternet.ru,RU,900
48,Keeley,Andreassen,kandreassen1b@360.cn,LT,Express 2500
49,Weider,Attwoull,wattwoull1c@wunderground.com,ID,Quattro
50,Temple,Catton,tcatton1d@miitbeian.gov.cn,BR,6000
51,Bran,Stronack,bstronack1e@furl.net,CA,Town Car
52,Kirby,Hansill,khansill1f@seattletimes.com,PT,Lancer
53,Alyce,Bordman,abordman1g@ed.gov,ID,Insight
54,Marcelline,McCusker,mmccusker1h@shop-pro.jp,CN,MKT
55,Errick,O'Curran,eocurran1i@yolasite.com,PH,Impala SS
56,Jacquenetta,Tracy,jtracy1j@sohu.com,HN,SL-Class
57,Anett,Atyea,aatyea1k@wsj.com,DK,Outback
58,Sharona,Chasney,schasney1l@thetimes.co.uk,ID,Express 1500
59,Ellynn,Hagan,ehagan1m@wikipedia.org,ID,S60
60,Ivan,Gieraths,igieraths1n@biblegateway.com,JP,Grand Marquis
61,Merill,Rouchy,mrouchy1o@techcrunch.com,NL,Colorado
62,Ive,Michelet,imichelet1p@cloudflare.com,RU,Virage
63,Amalie,Ipsley,aipsley1q@xinhuanet.com,CN,924
64,Skipton,Portchmouth,sportchmouth1r@mashable.com,CN,Continental
65,Hilarius,Tomanek,htomanek1s@blogspot.com,BR,Accord
66,Ivy,Dearlove,idearlove1t@simplemachines.org,CN,S10
67,Germaine,Inott,ginott1u@dell.com,CN,RL
68,Auberon,Loadsman,aloadsman1v@marriott.com,FI,Sebring
69,Ryley,Giraudoux,rgiraudoux1w@vistaprint.com,ID,Colorado
70,Jerrine,Senogles,jsenogles1x@studiopress.com,ID,Samurai
71,Cristina,Orlton,corlton1y@guardian.co.uk,RS,Cirrus
72,Dorena,Albro,dalbro1z@domainmarket.com,DE,Escort
73,Brice,Elby,belby20@omniture.com,PL,xA
74,Martyn,Kegg,mkegg21@apple.com,FR,Trans Sport
75,Geoffry,Rafe,grafe22@drupal.org,CN,Express 3500
76,Roobbie,Gerhardt,rgerhardt23@imgur.com,AM,Passat
77,Ramsey,Blacket,rblacket24@buzzfeed.com,US,Type 2
78,Niven,Doohan,ndoohan25@mysql.com,AF,IS
79,Bidget,Lark,blark26@barnesandnoble.com,AR,SJ
80,Katharine,Minchinton,kminchinton27@ezinearticles.com,RU,LS
81,Saleem,Klageman,sklageman28@ed.gov,BY,E250
82,Ami,Ludee,aludee29@samsung.com,FR,Ram 1500
83,Fanya,Skeffington,fskeffington2a@webnode.com,RU,Econoline E350
84,Carolee,Leith-Harvey,cleithharvey2b@4shared.com,CN,RAV4
85,Hendrik,Hammant,hhammant2c@blogger.com,RU,Tiburon
86,Marie,Smeed,msmeed2d@aol.com,BR,Quattroporte
87,Sella,Reyson,sreyson2e@nasa.gov,CN,3 Series
88,Miller,Faulkener,mfaulkener2f@simplemachines.org,CZ,LeSabre
89,Gardener,Kobpac,gkobpac2g@howstuffworks.com,ID,A4
90,Nertie,Zisneros,nzisneros2h@shop-pro.jp,KR,CC
91,Paxton,Bountiff,pbountiff2i@nytimes.com,LK,S4
92,Clerc,Dowyer,cdowyer2j@myspace.com,US,5 Series
93,Cristabel,Baalham,cbaalham2k@1und1.de,CN,Tribute
94,Flin,Wicklen,fwicklen2l@google.es,RU,Rodeo
95,Elsbeth,Gilhoolie,egilhoolie2m@123-reg.co.uk,CO,Swift
96,Shirl,Perelli,sperelli2n@diigo.com,ID,Golf
97,Anna-diana,Buddles,abuddles2o@oaic.gov.au,PT,Escalade EXT
98,Vere,Neiland,vneiland2p@lycos.com,FR,Silverado
99,Sly,Drewet,sdrewet2q@dropbox.com,GH,Milan
100,Fran,Borris,fborris2r@forbes.com,PH,RL
101,Randal,Glasspoole,rglasspoole2s@posterous.com,TH,Seville
102,Sloane,Vedntyev,svedntyev2t@lulu.com,NO,XLR-V
103,Julieta,Dagnall,jdagnall2u@zimbio.com,CN,3500
104,Rhodia,Sigge,rsigge2v@sbwire.com,CV,Express 1500
105,Marleen,Teague,mteague2w@hostgator.com,AS,Exige
106,Reed,Dybell,rdybell2x@newyorker.com,CN,Jetta
107,Alden,Ropkins,aropkins2y@acquirethisname.com,GT,Tempo
108,Carri,Tschiersch,ctschiersch2z@whitehouse.gov,ID,GS
109,Georgia,Sarjant,gsarjant30@usa.gov,CN,300ZX
110,Alys,Whisker,awhisker31@cbslocal.com,NA,Maxima
111,Gwenora,Wasteney,gwasteney32@google.co.uk,CN,Cabriolet
112,Michelle,Coton,mcoton33@elpais.com,VE,Eclipse
113,Erinn,Penniell,epenniell34@ftc.gov,BD,Tucson
114,Kaleena,Key,kkey35@bravesites.com,ID,SLK-Class
115,Barn,Murfill,bmurfill36@auda.org.au,CN,Avanti
116,Meris,Joffe,mjoffe37@geocities.com,UY,Regal
117,Jade,Hefferan,jhefferan38@webs.com,PH,900
118,Pierce,Bernardoni,pbernardoni39@fastcompany.com,RU,Forte
119,Ravid,Wilbraham,rwilbraham3a@auda.org.au,RU,CL-Class
120,Hughie,Tutchell,htutchell3b@unesco.org,CN,Park Avenue
121,Derek,Brimm,dbrimm3c@tiny.cc,LV,Pacifica
122,Earvin,Kausche,ekausche3d@xing.com,BR,Monte Carlo
123,Hamlin,Orvis,horvis3e@europa.eu,MY,Maxima
124,Marlee,Redding,mredding3f@meetup.com,GM,Mirage
125,Darcie,Reims,dreims3g@linkedin.com,UA,IS
126,Krisha,Zanazzi,kzanazzi3h@lycos.com,CN,Savana 2500
127,Jena,Doctor,jdoctor3i@sogou.com,GT,Impala
128,Kiri,Weatherdon,kweatherdon3j@discovery.com,CA,G-Class
129,Eben,Lethieulier,elethieulier3k@ezinearticles.com,PH,C-Class
130,Kissee,Trower,ktrower3l@rediff.com,CN,Fury
131,Lucius,Lunam,llunam3m@fda.gov,MX,Amanti
132,Dannye,Knutton,dknutton3n@dagondesign.com,PH,Colt Vista
133,Gayle,Toffler,gtoffler3o@biblegateway.com,CN,Liberty
134,Sandy,Jenken,sjenken3p@wikispaces.com,JP,2500
135,Werner,Prettejohns,wprettejohns3q@nydailynews.com,ID,S-Class
136,Betsey,Molden,bmolden3r@ehow.com,PE,Ascender
137,Robin,Mawtus,rmawtus3s@sbwire.com,PE,Dakota Club
138,Jose,Pringour,jpringour3t@com.com,CO,S-Class
139,Rosamund,Oxe,roxe3u@stanford.edu,CO,F350
140,Georas,Eingerfield,geingerfield3v@uiuc.edu,CO,Element
141,Dougy,Adamson,dadamson3w@bbc.co.uk,AR,Elantra
142,Richie,Toffalo,rtoffalo3x@youku.com,PE,Camry
143,Leese,Iacoviello,liacoviello3y@zimbio.com,AO,S60
144,Keir,Kepe,kkepe3z@blogger.com,PT,Grand Vitara
145,Augustina,Arnout,aarnout40@amazon.co.uk,BR,Montana
146,Breena,Moncarr,bmoncarr41@epa.gov,PT,GTI
147,Bartram,Monkeman,bmonkeman42@istockphoto.com,PH,4Runner
148,Pearle,MacAvddy,pmacavddy43@a8.net,UA,G-Series 3500
149,Sheffield,Simester,ssimester44@techcrunch.com,US,Loyale
150,Igor,Patrick,ipatrick45@japanpost.jp,RU,98
151,Drusie,Pentecost,dpentecost46@webeden.co.uk,FR,Sorento
152,Krystyna,Bushell,kbushell47@utexas.edu,CZ,RX Hybrid
153,Lanna,Redholls,lredholls48@nydailynews.com,RU,Montana SV6
154,Morten,Macci,mmacci49@cbsnews.com,CN,Firefly
155,Lazarus,Bythell,lbythell4a@pinterest.com,ID,Monterey
156,Gardy,Braywood,gbraywood4b@usatoday.com,GH,QX
157,Morgen,Amery,mamery4c@ebay.com,KR,GT350
158,Sophey,Cozins,scozins4d@dyndns.org,BR,Mustang
159,Suzi,Skellern,sskellern4e@webmd.com,CN,Jetta
160,Brade,Albrecht,balbrecht4f@cnbc.com,ID,Mystique
161,Darb,Shade,dshade4g@goodreads.com,CN,Land Cruiser
162,Staffard,Wiggett,swiggett4h@t.co,CN,Matrix
163,Brittan,Heineking,bheineking4i@blinklist.com,IR,Optima
164,Ellerey,Dear,edear4j@gmpg.org,AZ,LS
165,Kirsti,Chatin,kchatin4k@soup.io,CZ,LS
166,Sasha,Vanni,svanni4l@nih.gov,RU,Liberty
167,Nil,Nellis,nnellis4m@weibo.com,ID,A3
168,Luciana,McColl,lmccoll4n@addthis.com,ES,Viper
169,Christophe,Tunnoch,ctunnoch4o@vkontakte.ru,RU,Vitara
170,Lea,Clink,lclink4p@newsvine.com,PT,Envoy XL
171,Alameda,Kembrey,akembrey4q@seesaa.net,ID,Solara
172,Sissy,MacIlriach,smacilriach4r@drupal.org,PH,Rally Wagon 1500
173,Eyde,Richter,erichter4s@cbsnews.com,JM,GTO
174,Barrie,Tritten,btritten4t@sciencedaily.com,RU,Fiero
175,Cathlene,Saundercock,csaundercock4u@bloglines.com,AR,2500
176,Randi,Speedy,rspeedy4v@virginia.edu,CO,Scirocco
177,Jsandye,Bizzey,jbizzey4w@cyberchimps.com,CN,Paseo
178,Melesa,Oxbe,moxbe4x@t-online.de,CN,Quest
179,Roman,Magne,rmagne4y@smh.com.au,GT,Classic
180,Marta,Tomaszynski,mtomaszynski4z@geocities.com,NL,Contour
181,Lemmy,Worpole,lworpole50@mapquest.com,PH,Quattro
182,Rorie,Valentin,rvalentin51@mashable.com,SE,370Z
183,Pet,O'Dempsey,podempsey52@bluehost.com,CO,Sentra
184,Matti,Hebson,mhebson53@vkontakte.ru,PH,Amanti
185,Levin,Jacquet,ljacquet54@wunderground.com,JP,F-Series
186,Nicola,Kynsey,nkynsey55@bbb.org,MX,Maxima
187,Marielle,Torricella,mtorricella56@cdbaby.com,ID,Phantom
188,Elliott,Coursor,ecoursor57@tripadvisor.com,PE,Coachbuilder
189,Jerry,Toman,jtoman58@altervista.org,TH,Justy
190,Avigdor,Shrimptone,ashrimptone59@cafepress.com,AF,Prelude
191,Chaddie,Duffit,cduffit5a@desdev.cn,PT,Topaz
192,Chlo,Gazzard,cgazzard5b@dropbox.com,ID,Avalon
193,Rafe,Chapelhow,rchapelhow5c@dedecms.com,FR,Ram Van B150
194,Pepito,Jentin,pjentin5d@businessweek.com,LY,Reatta
195,Darya,Dashkov,ddashkov5e@about.me,UG,Marauder
196,Jayson,Paragreen,jparagreen5f@weebly.com,TN,Transit Connect
197,Mallory,Hyett,mhyett5g@purevolume.com,FR,Esprit
198,Carrissa,Jenman,cjenman5h@slashdot.org,ID,Excursion
199,Katherine,Leman,kleman5i@princeton.edu,CN,Grand Cherokee
200,Katie,Minigo,kminigo5j@google.nl,SE,Aurora
201,Herman,Vlach,hvlach5k@photobucket.com,ID,Cabriolet
202,Humfrey,Mangion,hmangion5l@epa.gov,CN,Range Rover
203,Genia,Yallop,gyallop5m@ameblo.jp,BR,3 Series
204,Ethelyn,Hanscome,ehanscome5n@amazon.com,PH,RAV4
205,Ingeborg,Drysdall,idrysdall5o@about.com,ID,S4
206,Gabbi,Tran,gtran5p@cdbaby.com,BF,9000
207,Karlan,Cringle,kcringle5q@booking.com,SV,New Beetle
208,Merlina,Copeland,mcopeland5r@opensource.org,DE,300SL
209,Ephraim,Prati,eprati5s@nps.gov,PH,Tucson
210,Micheal,Iddens,middens5t@xrea.com,SE,Murano
211,Diego,Reiner,dreiner5u@a8.net,CN,G-Series 2500
212,Ellery,Ludlem,eludlem5v@elegantthemes.com,CN,Discovery
213,Johanna,Rehme,jrehme5w@homestead.com,PL,Civic
214,Margaret,Durbann,mdurbann5x@wisc.edu,CN,MDX
215,Randolf,Tankus,rtankus5y@technorati.com,PK,Dakota Club
216,Avram,Bakewell,abakewell5z@1und1.de,VN,Savana 1500
217,Ellynn,Arkle,earkle60@fastcompany.com,PT,Alcyone SVX
218,Bogey,Casey,bcasey61@china.com.cn,CA,Silverado 3500
219,Dix,Gerardet,dgerardet62@illinois.edu,CN,Terraza
220,Loralee,Plume,lplume63@twitter.com,TH,S10
221,Jasmina,Rennocks,jrennocks64@usda.gov,SE,Thunderbird
222,Sabra,Taplin,staplin65@oakley.com,CN,SJ
223,Shawn,Cinnamond,scinnamond66@adobe.com,TH,Amigo
224,Nate,Vernazza,nvernazza67@ihg.com,ID,I
225,Beilul,Head,bhead68@yale.edu,TH,Catera
226,Bonnibelle,Westraw,bwestraw69@narod.ru,AL,Echo
227,Minor,Penton,mpenton6a@netscape.com,RU,Impala
228,Madelina,Oventon,moventon6b@businessweek.com,UY,Caprice Classic
229,Kale,Andren,kandren6c@usgs.gov,CN,Lightning
230,Kaila,Caulliere,kcaulliere6d@unblog.fr,CN,SLX
231,Lyn,Bernaert,lbernaert6e@microsoft.com,ZM,Sedona
232,Lorrie,Edgeller,ledgeller6f@oakley.com,CN,Leganza
233,Ring,Kinzel,rkinzel6g@census.gov,BG,Sonata
234,Gualterio,Mayo,gmayo6h@japanpost.jp,HR,Cougar
235,Glori,Bolle,gbolle6i@aol.com,BR,Protege
236,Davon,Spain-Gower,dspaingower6j@cloudflare.com,CN,Quest
237,Kendricks,Shillom,kshillom6k@comcast.net,BR,Spyder
238,Stormi,Furzer,sfurzer6l@globo.com,BD,Escort
239,Onfre,Butt Gow,obuttgow6m@yellowbook.com,RU,QX56
240,Wylie,Tsarovic,wtsarovic6n@sun.com,CN,Sonoma
241,Roselia,Whiteland,rwhiteland6o@eepurl.com,ID,Astro
242,Margalo,Shinton,mshinton6p@wisc.edu,CN,Z8
243,Terencio,Blaxter,tblaxter6q@dagondesign.com,CN,Legacy
244,Hermon,Hrinchishin,hhrinchishin6r@mac.com,MK,Allante
245,Mira,Hallifax,mhallifax6s@soup.io,PF,Chariot
246,Nettie,Axten,naxten6t@spiegel.de,TH,Esprit Turbo
247,Arther,Belli,abelli6u@shinystat.com,BR,Festiva
248,Ninette,Surmeyer,nsurmeyer6v@joomla.org,KM,Voyager
249,Rosabelle,Hegdonne,rhegdonne6w@arstechnica.com,HR,599 GTB Fiorano
250,Ethelbert,Milazzo,emilazzo6x@reference.com,SI,Phantom
251,Marsiella,Grierson,mgrierson6y@plala.or.jp,RU,Discovery
252,Maggie,Caukill,mcaukill6z@biglobe.ne.jp,CN,Parisienne
253,Zonnya,Walsham,zwalsham70@edublogs.org,CL,Sienna
254,Fanechka,Pankhurst.,fpankhurst71@discuz.net,CN,CT
255,Kissee,Boase,kboase72@usatoday.com,PH,Dakota Club
256,Marinna,Hiseman,mhiseman73@census.gov,BD,Lumina
257,Sauncho,Pilbury,spilbury74@abc.net.au,TH,MX-5
258,Clair,Rigolle,crigolle75@geocities.com,AR,Silverado 3500
259,Edi,Penrice,epenrice76@addtoany.com,ID,Riviera
260,Reeva,Moens,rmoens77@quantcast.com,PT,GTO
261,Eugenia,Hadley,ehadley78@sbwire.com,PT,Grand Caravan
262,Beauregard,Seel,bseel79@i2i.jp,CG,Ram Wagon B250
263,Sophia,Biggam,sbiggam7a@theguardian.com,PL,NSX
264,Michel,Saiger,msaiger7b@paginegialle.it,CN,RX
265,Giffer,Birchwood,gbirchwood7c@google.ca,ID,Escort
266,Hermy,McNeigh,hmcneigh7d@bbb.org,IQ,Escort
267,Carson,Brennen,cbrennen7e@patch.com,PH,Pajero
268,Tobias,Wakeman,twakeman7f@yandex.ru,CO,CTS-V
269,Elston,Langlois,elanglois7g@cmu.edu,ES,Grand Voyager
270,Rene,Slott,rslott7h@jimdo.com,TT,Escort
271,Sibylla,Bautiste,sbautiste7i@domainmarket.com,CN,Sunbird
272,Guillema,Simunek,gsimunek7j@samsung.com,MA,G-Series G30
273,Riane,Joincey,rjoincey7k@facebook.com,CN,Crown Victoria
274,Stevena,McTrustrie,smctrustrie7l@jiathis.com,FR,Contour
275,Cherey,Deave,cdeave7m@disqus.com,MM,TT
276,Myrlene,Kubyszek,mkubyszek7n@tiny.cc,CN,Q7
277,Jackelyn,Cheeke,jcheeke7o@deliciousdays.com,PT,Pajero
278,Antons,Scirman,ascirman7p@tuttocitta.it,PT,Bravada
279,Valaria,Stigell,vstigell7q@deliciousdays.com,CN,Veloster
280,Deloris,Shawe,dshawe7r@netlog.com,FR,Azera
281,Hally,McGragh,hmcgragh7s@myspace.com,ID,Terraza
282,Fayre,Manston,fmanston7t@privacy.gov.au,SY,Expo
283,Hew,Nicolson,hnicolson7u@cdbaby.com,ET,Electra
284,Meridith,Diem,mdiem7v@kickstarter.com,CN,Escalade
285,Jeannie,Kedge,jkedge7w@etsy.com,PL,CLK-Class
286,Bride,O'Dulchonta,bodulchonta7x@stanford.edu,CN,Highlander
287,Jeanelle,Vinden,jvinden7y@rakuten.co.jp,RU,Regal
288,Orella,Eyre,oeyre7z@google.it,BR,Mini Cooper
289,Evelina,Lode,elode80@dmoz.org,SL,Cutlass Supreme
290,Perri,Rimmington,primmington81@edublogs.org,CN,Mazda6
291,Enos,MacKee,emackee82@indiegogo.com,MK,Tacoma
292,Blayne,Ableson,bableson83@hao123.com,PH,Express 3500
293,Cloe,La Batie,clabatie84@joomla.org,CN,Forester
294,Angeline,Shoute,ashoute85@angelfire.com,NZ,612 Scaglietti
295,Artemas,Episcopio,aepiscopio86@tinyurl.com,ID,Grand Am
296,Inglebert,Church,ichurch87@bravesites.com,ID,Aerio
297,Nancee,Coskerry,ncoskerry88@de.vu,CN,CC
298,Phil,Christofle,pchristofle89@cdbaby.com,TN,Forester
299,Pincas,Eddington,peddington8a@disqus.com,PE,Impreza
300,Lotta,Whitemarsh,lwhitemarsh8b@hatena.ne.jp,ID,Firebird Trans Am
301,Sheila-kathryn,Blemen,sblemen8c@indiegogo.com,CN,Altima
302,Glori,Attewell,gattewell8d@springer.com,CN,Entourage
303,Wylma,Van,wvan8e@slashdot.org,ID,Sentra
304,Denni,Passmore,dpassmore8f@multiply.com,US,Grand Am
305,Marigold,Doiley,mdoiley8g@ning.com,ID,Windstar
306,Eddy,Rubinsohn,erubinsohn8h@samsung.com,EC,Town & Country
307,Thelma,Adamski,tadamski8i@seattletimes.com,JP,Xterra
308,Trudy,Jouanet,tjouanet8j@biglobe.ne.jp,RU,Cirrus
309,Karissa,Vanderson,kvanderson8k@uiuc.edu,FR,LS
310,Carson,Yude,cyude8l@imdb.com,DE,Relay
311,Jim,Burne,jburne8m@irs.gov,CZ,Alcyone SVX
312,Vladimir,Erangey,verangey8n@photobucket.com,US,Cherokee
313,Ely,Eriksson,eeriksson8o@jugem.jp,LT,4Runner
314,Alexandro,Gilluley,agilluley8p@ebay.com,ID,GS
315,Kelcey,Balsdon,kbalsdon8q@purevolume.com,PH,Crown Victoria
316,Alina,Isles,aisles8r@flavors.me,NG,S4
317,Stefania,Murkitt,smurkitt8s@ibm.com,CN,Carens
318,Janina,Willshear,jwillshear8t@rakuten.co.jp,GR,Ram 2500
319,Stanislas,Peppett,speppett8u@squarespace.com,FR,458 Italia
320,Chrysa,Gerrens,cgerrens8v@hubpages.com,US,Tacoma
321,Keith,Kleinmann,kkleinmann8w@vimeo.com,CN,Ram
322,Innis,Reese,ireese8x@marketwatch.com,ID,G
323,Lynnea,Dilston,ldilston8y@nps.gov,PL,Thunderbird
324,Lynnette,Hallows,lhallows8z@google.de,HN,Legend
325,Coriss,Wills,cwills90@theglobeandmail.com,SE,Rio
326,Brande,Dearman,bdearman91@yelp.com,AR,Sentra
327,Cointon,Tilby,ctilby92@ning.com,US,SC
328,Kizzie,Labon,klabon93@samsung.com,SE,E-Class
329,Cindee,Offa,coffa94@sciencedirect.com,CU,Imperial
330,Margalit,Domm,mdomm95@state.tx.us,NG,XK
331,Barr,Doggrell,bdoggrell96@house.gov,RU,Stealth
332,Wallis,Light,wlight97@java.com,PL,9-3
333,Fin,Pancast,fpancast98@opensource.org,HT,I
334,Elianora,Moral,emoral99@yale.edu,CN,LeSabre
335,Magda,Sends,msends9a@illinois.edu,MX,Marauder
336,Clemmy,Rickword,crickword9b@flickr.com,EG,Equator
337,Danielle,Demangeot,ddemangeot9c@ning.com,MA,Voyager
338,Taffy,Pitman,tpitman9d@un.org,NA,rio
339,Irwin,Ivashnyov,iivashnyov9e@lycos.com,AR,V70
340,Otto,Rawls,orawls9f@odnoklassniki.ru,CZ,Taurus
341,Gustavus,Gounin,ggounin9g@bbc.co.uk,AR,300ZX
342,Teddie,Valeri,tvaleri9h@spotify.com,CN,Cirrus
343,Talyah,Plumtree,tplumtree9i@163.com,PT,Ram 2500
344,Benedict,Dugan,bdugan9j@mapquest.com,JP,A5
345,Malina,Saward,msaward9k@unesco.org,GT,Navigator
346,Belinda,Oakshott,boakshott9l@technorati.com,NO,Protege
347,Gaston,Shills,gshills9m@shop-pro.jp,ID,X-Type
348,Tremaine,Risely,trisely9n@si.edu,SE,Firebird Formula
349,Noemi,Truter,ntruter9o@cocolog-nifty.com,SE,Protege
350,Roseanna,Boissieux,rboissieux9p@sfgate.com,ID,Range Rover
351,Hillyer,Ferrara,hferrara9q@earthlink.net,IR,QX
352,Loutitia,Courson,lcourson9r@live.com,RU,3500
353,Meg,Bertouloume,mbertouloume9s@elpais.com,TG,MDX
354,Leila,Selliman,lselliman9t@ted.com,PH,Crown Victoria
355,Elliot,Keyzman,ekeyzman9u@adobe.com,CN,Tribute
356,Manya,Hakking,mhakking9v@twitter.com,JP,STS
357,Janis,Checo,jcheco9w@imdb.com,NO,Cabriolet
358,Harold,Edwardson,hedwardson9x@jugem.jp,BR,MX-6
359,Diego,Weale,dweale9y@de.vu,SY,Regal
360,Humphrey,Marklew,hmarklew9z@comsenz.com,CN,Bonneville
361,Desmond,Kuzma,dkuzmaa0@meetup.com,PY,Range Rover
362,Ada,Kapelhof,akapelhofa1@auda.org.au,PL,Sequoia
363,Allis,Waldocke,awaldockea2@goo.ne.jp,BG,Fortwo
364,Andra,Maffioletti,amaffiolettia3@apple.com,KR,ES
365,Franchot,Cochrane,fcochranea4@ft.com,PL,Yukon XL 2500
366,Gerek,Corran,gcorrana5@typepad.com,HR,Thunderbird
367,Verile,Vallis,vvallisa6@weibo.com,SE,Trooper
368,Kathrine,McClaughlin,kmcclaughlina7@china.com.cn,CN,Explorer Sport Trac
369,Rianon,Gresswood,rgresswooda8@ameblo.jp,RU,Suburban 2500
370,Hildegaard,Raggles,hragglesa9@nytimes.com,ID,7 Series
371,Shem,Slogrove,sslogroveaa@toplist.cz,EG,LTD Crown Victoria
372,Wynne,Lardeux,wlardeuxab@europa.eu,PL,Mark LT
373,Shawn,Vairow,svairowac@miitbeian.gov.cn,GR,B-Series
374,Philippe,Chadderton,pchaddertonad@comcast.net,JP,Bravada
375,Cristabel,Lantuff,clantuffae@thetimes.co.uk,VN,Daewoo Lacetti
376,Anica,McGlashan,amcglashanaf@discuz.net,UA,Lynx
377,Margaux,Grenshields,mgrenshieldsag@archive.org,PH,Avalon
378,Stacee,Nano,snanoah@infoseek.co.jp,KE,Tracer
379,Eugenie,Whyberd,ewhyberdai@gmpg.org,CN,Safari
380,Blinnie,Georgeson,bgeorgesonaj@apache.org,MX,Sierra 3500
381,Jens,Thacker,jthackerak@macromedia.com,ID,SJ 410
382,Thaine,Clapston,tclapstonal@soundcloud.com,DO,Neon
383,Symon,Vanyushkin,svanyushkinam@netvibes.com,UA,Accord
384,Dorita,Hasney,dhasneyan@who.int,FR,Silverado 1500
385,Marla,Carslake,mcarslakeao@ucoz.ru,CZ,Ram Van 3500
386,Edan,Grimwad,egrimwadap@senate.gov,RU,Cabriolet
387,Trescha,Aaron,taaronaq@usa.gov,NO,xB
388,Wynne,Orteaux,worteauxar@amazon.com,XK,Tacoma Xtra
389,Brantley,Stivers,bstiversas@sakura.ne.jp,PH,Z4
390,Micah,Mellenby,mmellenbyat@admin.ch,VE,Stylus
391,Mathew,Finlater,mfinlaterau@mozilla.com,JP,xD
392,Dilly,Wedgbrow,dwedgbrowav@123-reg.co.uk,BR,Cougar
393,Anthe,Schustl,aschustlaw@slideshare.net,PL,8 Series
394,Cindee,Barkus,cbarkusax@cargocollective.com,TH,Impala
395,Elliot,Hillatt,ehillattay@hud.gov,ID,62
396,Belle,McNeilley,bmcneilleyaz@harvard.edu,ID,Expo
397,Violet,Pauly,vpaulyb0@ft.com,CN,B-Series
398,Kellie,Balston,kbalstonb1@pagesperso-orange.fr,ID,R-Class
399,Win,Sample,wsampleb2@unblog.fr,PL,Aerostar
400,Raleigh,Clac,rclacb3@reverbnation.com,CY,MX-6
401,Kirsti,Gallaher,kgallaherb4@dot.gov,CN,LS
402,Evonne,Summerton,esummertonb5@globo.com,KE,S4
403,Hurlee,Geffe,hgeffeb6@yahoo.com,CD,Fleetwood
404,Brnaby,Syseland,bsyselandb7@networkadvertising.org,RU,Colt
405,Rora,Neill,rneillb8@macromedia.com,BF,Pathfinder
406,Tripp,Daybell,tdaybellb9@zimbio.com,CN,Galant
407,Auria,Liff,aliffba@wordpress.com,UA,Miata MX-5
408,Melodie,Netting,mnettingbb@marriott.com,US,QX
409,Faustine,Phillpot,fphillpotbc@vkontakte.ru,PH,XK Series
410,Meara,Trowsdale,mtrowsdalebd@amazon.de,CN,W123
411,Anstice,Olenchikov,aolenchikovbe@washingtonpost.com,RU,SLK-Class
412,Reeba,Carrick,rcarrickbf@ow.ly,RU,Exige
413,Raviv,Salasar,rsalasarbg@bloomberg.com,FR,Thunderbird
414,Perkin,Farncombe,pfarncombebh@independent.co.uk,CN,Camry
415,Leola,Hebson,lhebsonbi@reference.com,ET,Focus
416,Chase,Loudyan,cloudyanbj@google.de,TZ,B-Series
417,Britta,Tulk,btulkbk@senate.gov,FR,Lanos
418,Ofilia,Stack,ostackbl@myspace.com,PL,Tundra
419,Pyotr,Osborn,posbornbm@chicagotribune.com,NG,Rendezvous
420,Alexio,Gilsthorpe,agilsthorpebn@abc.net.au,ID,2500 Club Coupe
421,Giorgia,Pury,gpurybo@aboutads.info,PT,V40
422,Melloney,Nealy,mnealybp@acquirethisname.com,PH,1500
423,Ailis,Frewer,afrewerbq@studiopress.com,MV,Accord
424,Chrissie,O'Lunney,colunneybr@reference.com,ID,Paseo
425,Reinald,Rideout,rrideoutbs@cyberchimps.com,ID,SLX
426,Isobel,Gatenby,igatenbybt@auda.org.au,JP,S70
427,Selene,Jonathon,sjonathonbu@taobao.com,BR,3000GT
428,Glenn,Goodall,ggoodallbv@simplemachines.org,UA,TT
429,Cindie,Cumberland,ccumberlandbw@kickstarter.com,US,Z8
430,Hymie,Mungan,hmunganbx@google.com,PK,XC70
431,Fanny,Jakoub,fjakoubby@ustream.tv,UY,SL-Class
432,Richy,Jakel,rjakelbz@digg.com,BJ,Aerio
433,Saxon,Duggan,sdugganc0@webnode.com,FR,i-Series
434,Appolonia,Vonderdell,avonderdellc1@wp.com,CL,Camry Hybrid
435,Gusella,Igglesden,gigglesdenc2@intel.com,CN,Cavalier
436,Merrilee,Robeiro,mrobeiroc3@toplist.cz,GT,300SD
437,Hestia,Jarrelt,hjarreltc4@goo.ne.jp,PL,Celica
438,Gonzalo,Hartley,ghartleyc5@toplist.cz,ID,Veracruz
439,Rhetta,Robertson,rrobertsonc6@theatlantic.com,CN,TundraMax
440,Moishe,Illiston,millistonc7@netscape.com,CN,TundraMax
441,Lida,Popplestone,lpopplestonec8@de.vu,PS,Legacy
442,Genny,Billin,gbillinc9@aboutads.info,CZ,X3
443,Rochella,McGarahan,rmcgarahanca@icio.us,RU,Mazda3
444,Ardelle,Guierre,aguierrecb@barnesandnoble.com,ID,Voyager
445,Barbey,Ugoni,bugonicc@squarespace.com,SE,Stealth
446,Ilene,Covington,icovingtoncd@technorati.com,ID,Cabriolet
447,Karissa,Kordova,kkordovace@nba.com,ZA,Matrix
448,Tallia,Bleazard,tbleazardcf@guardian.co.uk,SY,Odyssey
449,Renate,Piel,rpielcg@deliciousdays.com,ME,530
450,Edgard,Trownson,etrownsonch@blinklist.com,US,F350
451,Frannie,Skacel,fskacelci@freewebs.com,RU,DeVille
452,Hewett,Houndsom,hhoundsomcj@diigo.com,ID,Ram
453,Darell,Smewings,dsmewingsck@techcrunch.com,CN,Silverado 1500
454,Veriee,Hartly,vhartlycl@moonfruit.com,AR,S40
455,Robinet,Unsworth,runsworthcm@alexa.com,EC,Cherokee
456,Evelyn,Coursor,ecoursorcn@reference.com,AR,Fiero
457,Northrop,Mulqueen,nmulqueenco@shinystat.com,TZ,300
458,Francklyn,Greatland,fgreatlandcp@wordpress.com,BR,Landaulet
459,Fernando,Tavinor,ftavinorcq@nydailynews.com,AF,RX
460,Aubrette,Brede,abredecr@seesaa.net,CN,Sable
461,Ettore,Pudge,epudgecs@newyorker.com,CN,300CE
462,Adaline,Rumbold,arumboldct@macromedia.com,CN,Matrix
463,Roz,Mourant,rmourantcu@ca.gov,BR,FX
464,Russell,Buttrey,rbuttreycv@ed.gov,ID,ES
465,Kaila,Couthard,kcouthardcw@sitemeter.com,CN,M
466,Jaynell,Thody,jthodycx@indiegogo.com,PH,LX
467,Bran,Blainey,bblaineycy@gravatar.com,UA,Ram Van 1500
468,Gustavus,Streat,gstreatcz@forbes.com,MK,Avalanche
469,Nikolos,Rushbury,nrushburyd0@surveymonkey.com,TZ,Coupe GT
470,Barbara-anne,Sturror,bsturrord1@craigslist.org,CN,Camaro
471,Merrielle,Waddoups,mwaddoupsd2@edublogs.org,NG,968
472,Marielle,Baysting,mbaystingd3@themeforest.net,CN,Yukon XL 1500
473,Ashia,Martinolli,amartinollid4@msn.com,MX,Previa
474,Cordelia,Liepmann,cliepmannd5@huffingtonpost.com,HU,Express 3500
475,Felicio,Copper,fcopperd6@state.gov,SE,M6
476,Sonnnie,Behrend,sbehrendd7@unblog.fr,CA,LS
477,Ezequiel,Rolance,erolanced8@list-manage.com,CO,911
478,Shirlee,McCracken,smccrackend9@twitter.com,ID,Corvette
479,Ailey,Fratson,afratsonda@washington.edu,RU,Tahoe
480,Raimondo,Rumble,rrumbledb@zimbio.com,JP,Vibe
481,Cordell,Copnar,ccopnardc@cnn.com,ID,Tredia
482,Thekla,Meriton,tmeritondd@house.gov,ID,Econoline E250
483,Marie,Simpkiss,msimpkissde@skype.com,ID,Discovery
484,Gaile,Van Son,gvansondf@storify.com,AZ,Impreza
485,Mahmud,McCrackem,mmccrackemdg@fda.gov,NC,Spyder
486,Caprice,Kopp,ckoppdh@pbs.org,UA,Z4 M
487,Brad,Benley,bbenleydi@businessinsider.com,RU,Venture
488,Laurena,Obey,lobeydj@weibo.com,US,Trooper
489,Sigismundo,Iannuzzi,siannuzzidk@ucoz.ru,CA,Esprit
490,Arlen,Andrzejewski,aandrzejewskidl@hp.com,CN,Cobalt
491,Parke,Sandeson,psandesondm@google.com.au,PL,X3
492,Edithe,MacLaren,emaclarendn@quantcast.com,ID,Focus
493,Daile,Millsap,dmillsapdo@sbwire.com,BA,Ciera
494,Justinn,Dewett,jdewettdp@plala.or.jp,AF,626
495,Rurik,Beetham,rbeethamdq@comcast.net,BR,MX-6
496,Cheryl,Ashlin,cashlindr@si.edu,TL,Touareg
497,Lorilee,Rounce,lrounceds@mediafire.com,UA,LHS
498,Morey,McCullough,mmcculloughdt@bluehost.com,GT,Trans Sport
499,Othilie,Ivan,oivandu@ocn.ne.jp,CU,Skylark
500,Ralina,Tester,rtesterdv@youtu.be,UA,VehiCROSS
501,Guillermo,Ducarel,gducareldw@youtu.be,CN,LTD Crown Victoria
502,Meggi,Viggars,mviggarsdx@bing.com,CN,Coachbuilder
503,Starlin,Winspurr,swinspurrdy@biglobe.ne.jp,ID,MP4-12C
504,Hunter,Shakeshaft,hshakeshaftdz@google.pl,CO,Boxster
505,Rosana,Oiller,roillere0@myspace.com,CN,LS
506,Raeann,Pigott,rpigotte1@google.es,TH,Quattroporte
507,Corabelle,Widdicombe,cwiddicombee2@globo.com,PL,Durango
508,Germain,Sigars,gsigarse3@dropbox.com,CN,Reatta
509,Evangelin,Brimman,ebrimmane4@yale.edu,JP,B-Series
510,Meagan,Broxis,mbroxise5@hibu.com,FR,Cirrus
511,Inger,Badrock,ibadrocke6@homestead.com,US,Elise
512,Kipp,Walklate,kwalklatee7@hud.gov,PL,Sprinter 2500
513,Sybille,Hamlington,shamlingtone8@odnoklassniki.ru,RU,MDX
514,Max,Behrendsen,mbehrendsene9@prnewswire.com,GR,Altima
515,Paulie,Eteen,peteenea@state.gov,KZ,Grand Caravan
516,Emelen,Jirek,ejirekeb@last.fm,NE,E150
517,Brook,Gosselin,bgosselinec@t.co,RS,Truck
518,Carney,Watsam,cwatsamed@zimbio.com,PA,Stratus
519,Aindrea,Dockwray,adockwrayee@studiopress.com,BR,E-Class
520,Boothe,Bredbury,bbredburyef@google.co.uk,RU,Lancer Evolution
521,Cristine,Petrolli,cpetrollieg@prlog.org,AL,CLK-Class
522,Sibby,De Witt,sdewitteh@yellowpages.com,US,SSR
523,Granny,Bampfield,gbampfieldei@google.it,RU,Yukon XL 1500
524,Shanna,Hincham,shinchamej@usnews.com,IE,Mustang
525,Hanan,Aberhart,haberhartek@vkontakte.ru,BR,Azure
526,Lexie,Kemston,lkemstonel@earthlink.net,PL,Suburban 2500
527,Skyler,Grimwood,sgrimwoodem@dell.com,CN,XJ
528,Chen,Rigler,crigleren@163.com,EC,Thunderbird
529,Isaiah,Arent,iarenteo@issuu.com,CN,4Runner
530,Elsi,Eckersall,eeckersallep@plala.or.jp,PL,Ram Van B250
531,Tirrell,Le Batteur,tlebatteureq@surveymonkey.com,CN,Grand Prix
532,Danika,Crosoer,dcrosoerer@123-reg.co.uk,CN,Sequoia
533,Leone,Abbot,labbotes@guardian.co.uk,RU,MX-5
534,Grenville,Finlater,gfinlateret@webeden.co.uk,VN,Cutlass Cruiser
535,Aaren,Jakeway,ajakewayeu@diigo.com,CU,SLK-Class
536,Krisha,Trye,ktryeev@multiply.com,CN,530
537,Smith,Shevlane,sshevlaneew@alexa.com,WS,207
538,Eldon,Yurkevich,eyurkevichex@yellowbook.com,CN,Impala
539,Irwinn,Kemmet,ikemmetey@chronoengine.com,PT,LUV
540,Egor,Lindgren,elindgrenez@sciencedaily.com,AZ,Forester
541,Margarethe,Spragg,mspraggf0@google.co.jp,AR,Lancer Evolution
542,Gustie,Wastling,gwastlingf1@ibm.com,CH,Cougar
543,Almeta,Anglin,aanglinf2@weather.com,CN,5 Series
544,Lynn,Faulconbridge,lfaulconbridgef3@opensource.org,HU,Malibu
545,Emlynn,Thiolier,ethiolierf4@drupal.org,PL,CLS-Class
546,Tiebold,Martinolli,tmartinollif5@hostgator.com,CZ,4Runner
547,Kerk,Dockree,kdockreef6@answers.com,UA,Yukon
548,Darrelle,Turbayne,dturbaynef7@usda.gov,MX,Accord
549,Michele,Cracie,mcracief8@army.mil,NA,Escape
550,Eldon,Oldman,eoldmanf9@sphinn.com,PH,Vitara
551,Rebbecca,McTavish,rmctavishfa@networksolutions.com,ID,1500
552,Nadeen,Jelfs,njelfsfb@si.edu,JP,Savana 3500
553,Pietra,Brandin,pbrandinfc@about.me,CN,Eclipse
554,Darill,Casswell,dcasswellfd@china.com.cn,PH,Laser
555,Charlotta,Eayrs,ceayrsfe@army.mil,EG,Escort
556,Elianore,Lichtfoth,elichtfothff@imgur.com,TH,DB9
557,Benedicta,Stanman,bstanmanfg@mit.edu,VN,RX
558,Phyllida,Rosenstein,prosensteinfh@liveinternet.ru,SI,Corvette
559,Denna,Acey,daceyfi@bluehost.com,PH,Celica
560,Mortimer,Verdy,mverdyfj@devhub.com,JP,Tiburon
561,Sandye,Slowley,sslowleyfk@prnewswire.com,IR,Carens
562,Riley,Drakes,rdrakesfl@nifty.com,PT,Grand Voyager
563,Ham,Lghan,hlghanfm@example.com,CN,Legacy
564,Ariel,Prahl,aprahlfn@sohu.com,CZ,SJ
565,Sib,Nenci,snencifo@blogs.com,UA,Ram 1500 Club
566,Nariko,Lorenc,nlorencfp@cafepress.com,PH,914
567,Nevsa,Seathwright,nseathwrightfq@list-manage.com,IT,E150
568,Chrotoem,Tolman,ctolmanfr@amazonaws.com,CR,S4
569,Philippe,Leak,pleakfs@wordpress.com,AM,XL7
570,Remy,Squirrel,rsquirrelft@nifty.com,PH,Tracker
571,Devy,Wandtke,dwandtkefu@nydailynews.com,CN,Routan
572,Gae,Schade,gschadefv@netscape.com,MN,S-Class
573,Bobbye,Manifold,bmanifoldfw@moonfruit.com,PH,M-Class
574,Lila,Imloch,limlochfx@china.com.cn,PH,LaCrosse
575,Ingmar,Donhardt,idonhardtfy@berkeley.edu,TZ,3500 Club Coupe
576,Kyle,Dragonette,kdragonettefz@mapy.cz,CN,Avalon
577,Kial,Aked,kakedg0@dailymail.co.uk,SE,MKT
578,Sarena,Gheorghescu,sgheorghescug1@miibeian.gov.cn,TN,Envoy XL
579,Tasia,Piper,tpiperg2@imageshack.us,MX,Escape
580,Yuma,Ruffy,yruffyg3@yolasite.com,IR,Riviera
581,Diana,Cheale,dchealeg4@tripadvisor.com,PH,Alpina B7
582,Florenza,Schieferstein,fschiefersteing5@weebly.com,CN,LSS
583,Alie,Filmer,afilmerg6@wix.com,PH,Ram Van 1500
584,Emmy,Varley,evarleyg7@senate.gov,VE,Impreza
585,Marissa,Stidston,mstidstong8@zimbio.com,CN,Camry Hybrid
586,Delcine,Slym,dslymg9@ocn.ne.jp,CN,DB9
587,Gracia,Conen,gconenga@furl.net,CN,Ram
588,Arvie,Hollingby,ahollingbygb@ustream.tv,CA,8 Series
589,Roana,Dyhouse,rdyhousegc@naver.com,CN,Grand Prix
590,Juline,Bakeup,jbakeupgd@cnbc.com,LT,Veyron
591,Angel,Umbert,aumbertge@trellian.com,AR,Legacy
592,Ailey,Theuff,atheuffgf@mlb.com,PH,Grand Marquis
593,Stanfield,Gaddesby,sgaddesbygg@google.com.hk,BR,Sportvan G20
594,Cthrine,Tollow,ctollowgh@pinterest.com,AR,Wrangler
595,Giana,Cratere,gcrateregi@cisco.com,RU,F-Series
596,Clare,Bohlin,cbohlingj@walmart.com,MX,Acclaim
597,Warner,Espinoy,wespinoygk@cargocollective.com,US,QX56
598,Silva,O'Neal,sonealgl@dropbox.com,BS,Quest
599,Hendrik,Fischer,hfischergm@free.fr,CN,RX-8
600,Valenka,Ghidini,vghidinign@mtv.com,FR,Century
601,Deirdre,Perett,dperettgo@discovery.com,BZ,S-Class
602,Keelia,Hurl,khurlgp@over-blog.com,BO,Edge
603,Leonid,Bovaird,lbovairdgq@discovery.com,PH,Ridgeline
604,Carney,Kassel,ckasselgr@freewebs.com,PH,Park Avenue
605,Bud,Barlas,bbarlasgs@gravatar.com,GR,Liberty
606,Neala,Gilcrist,ngilcristgt@va.gov,QA,New Beetle
607,Alia,Deniscke,adenisckegu@army.mil,UA,Land Cruiser
608,Valery,Brunetti,vbrunettigv@redcross.org,NO,Escape
609,Alvina,Stonehouse,astonehousegw@google.it,ZM,Integra
610,Wye,Whooley,wwhooleygx@weebly.com,ID,E-Series
611,Mirabelle,Beste,mbestegy@newyorker.com,VE,3000GT
612,Osborn,Urridge,ourridgegz@businesswire.com,KG,Tacoma
613,Evelina,Argyle,eargyleh0@soundcloud.com,UA,911
614,Adelle,Bwy,abwyh1@yandex.ru,TZ,Grand Cherokee
615,Ciel,Bernadot,cbernadoth2@google.it,US,Mazda3
616,Tonie,Stockport,tstockporth3@loc.gov,FR,Silverado 2500
617,Rycca,Hessentaler,rhessentalerh4@patch.com,CN,Envoy XL
618,Brad,Reardon,breardonh5@live.com,RU,Grand Marquis
619,Nicolais,Prestage,nprestageh6@over-blog.com,CN,9000
620,Ludwig,Heugh,lheughh7@com.com,CU,Golf
621,Julie,Probate,jprobateh8@answers.com,PL,Festiva
622,Rufe,Frontczak,rfrontczakh9@freewebs.com,MR,Charger
623,Baxter,de Verson,bdeversonha@nih.gov,RS,Mohave/Borrego
624,Ruy,Bartel,rbartelhb@un.org,CN,Bronco II
625,Barnabas,Kleisle,bkleislehc@gizmodo.com,RU,M3
626,Stella,Bees,sbeeshd@engadget.com,KE,Reatta
627,Kleon,Jerrams,kjerramshe@tiny.cc,CN,Escalade
628,Lauralee,Folshom,lfolshomhf@usa.gov,CN,Ghost
629,Nelia,Clear,nclearhg@admin.ch,GE,Fortwo
630,Lionel,Dunsmuir,ldunsmuirhh@t-online.de,CI,Ram Van B250
631,Sandy,Cretney,scretneyhi@1und1.de,SE,GS
632,Mirabel,Stonehouse,mstonehousehj@blogspot.com,ID,Eclipse
633,Lisabeth,Balk,lbalkhk@rambler.ru,UA,Lancer
634,Goran,Alleyn,galleynhl@artisteer.com,CN,9-3
635,Adelheid,Sterricker,asterrickerhm@elpais.com,PH,Suburban 1500
636,Ivette,McIllroy,imcillroyhn@feedburner.com,JP,Civic
637,Quinn,Mansour,qmansourho@google.es,PT,Grand Marquis
638,Cassondra,Jolland,cjollandhp@miitbeian.gov.cn,TZ,Sequoia
639,Lotta,Gheorghescu,lgheorghescuhq@gov.uk,CN,H1
640,Alwyn,Iacobo,aiacobohr@360.cn,CO,LS Hybrid
641,Blinni,Casoni,bcasonihs@biblegateway.com,SI,Endeavor
642,Noe,Asbrey,nasbreyht@nasa.gov,BR,9000
643,Emmet,Plaide,eplaidehu@google.pl,BR,GT350
644,Brandy,Gathwaite,bgathwaitehv@latimes.com,BR,Prowler
645,Alisun,Otridge,aotridgehw@creativecommons.org,CN,XT
646,Eleonora,Casiroli,ecasirolihx@latimes.com,PE,MDX
647,Tabina,Broadbury,tbroadburyhy@bloglines.com,CN,Type 2
648,Lew,Ivashev,livashevhz@linkedin.com,BR,Explorer Sport Trac
649,Delmor,Penrose,dpenrosei0@techcrunch.com,VE,3500 Club Coupe
650,Evania,Dincey,edinceyi1@slashdot.org,NG,LS
651,Katheryn,Kean,kkeani2@cafepress.com,RS,GLK-Class
652,De witt,Frankcomb,dfrankcombi3@unblog.fr,CZ,S80
653,Reine,Jeanneau,rjeanneaui4@wisc.edu,ID,Tundra
654,Beltran,Essam,bessami5@soup.io,RU,Viper
655,Robin,Spread,rspreadi6@usatoday.com,PT,Esprit
656,Thatcher,Sissot,tsissoti7@ehow.com,RS,Phantom
657,Linzy,Willimott,lwillimotti8@bigcartel.com,RU,Previa
658,Baryram,Andresser,bandresseri9@bravesites.com,LU,Passat
659,Xena,Eberdt,xeberdtia@aol.com,CN,Camaro
660,Dido,Jacmar,djacmarib@upenn.edu,PH,Firefly
661,Reube,Pepperill,rpepperillic@smh.com.au,ID,Jetta
662,Orelie,Tyzack,otyzackid@google.ru,CN,240SX
663,Zulema,Orbell,zorbellie@sfgate.com,CO,Ranger
664,Verene,Skahill,vskahillif@ovh.net,VN,S8
665,Carmela,Crimin,ccriminig@free.fr,GN,Sportage
666,Avrom,Sigsworth,asigsworthih@qq.com,DO,Mini Cooper
667,Fitz,Palfrie,fpalfrieii@360.cn,PH,Tracker
668,Bob,Writer,bwriterij@msu.edu,PL,Silhouette
669,Tyne,Stephens,tstephensik@zimbio.com,PT,Outback
670,Bertram,Edmenson,bedmensonil@virginia.edu,CM,Tiburon
671,Heloise,Wanstall,hwanstallim@woothemes.com,FR,Miata MX-5
672,Anjela,Harradine,aharradinein@nydailynews.com,RU,Sonata
673,Rois,MacNeilley,rmacneilleyio@npr.org,PH,Daewoo Kalos
674,Norry,Parsonage,nparsonageip@creativecommons.org,TZ,Prelude
675,Harper,Rean,hreaniq@wikispaces.com,FR,Continental GT
676,Adore,Issard,aissardir@dyndns.org,PL,Jetta
677,Willi,Lakeland,wlakelandis@bloglines.com,ID,Tempo
678,Cherey,Black,cblackit@scribd.com,FR,S2000
679,Gaylord,Spenton,gspentoniu@joomla.org,US,Odyssey
680,Meris,Turone,mturoneiv@bigcartel.com,BY,ES
681,Tiphani,Cotelard,tcotelardiw@webs.com,YE,Sable
682,Randall,Swalwell,rswalwellix@free.fr,PT,Tacoma
683,Traci,Binfield,tbinfieldiy@samsung.com,US,Windstar
684,Edd,Sheran,esheraniz@msn.com,EC,Eurovan
685,Micheil,Castagnet,mcastagnetj0@dailymail.co.uk,ID,Grand Am
686,Otis,Oakly,ooaklyj1@ucla.edu,MN,Mazda6
687,Nicki,Whitechurch,nwhitechurchj2@alibaba.com,PH,Miata MX-5
688,Kirby,Scherer,kschererj3@gnu.org,FR,Pathfinder
689,Andriana,Renfree,arenfreej4@samsung.com,FR,E350
690,Randi,Dishman,rdishmanj5@jalbum.net,BR,Express 3500
691,Ianthe,Mulhill,imulhillj6@oakley.com,LV,Avalanche
692,Rik,Hayller,rhayllerj7@ifeng.com,JP,Monte Carlo
693,Elberta,MacBean,emacbeanj8@purevolume.com,GR,Coachbuilder
694,Lola,Gouinlock,lgouinlockj9@admin.ch,CM,Th!nk
695,Krissy,Schwandermann,kschwandermannja@drupal.org,CN,ES
696,Trina,Corney,tcorneyjb@youku.com,PL,4000CS Quattro
697,Stearne,Hryniewicz,shryniewiczjc@tiny.cc,BR,Tahoe
698,Ingaberg,Urch,iurchjd@list-manage.com,MX,Azure T
699,Laney,Mabb,lmabbje@tumblr.com,CN,X-90
700,Laurene,Denyer,ldenyerjf@pcworld.com,GB,Elantra
701,Martica,Spinley,mspinleyjg@163.com,PL,Riviera
702,Kristo,Thompstone,kthompstonejh@google.nl,ID,Versa
703,Veda,Andersson,vanderssonji@statcounter.com,ID,S2000
704,Faunie,Swiggs,fswiggsjj@time.com,MX,Lumina
705,Agnese,McCourtie,amccourtiejk@omniture.com,CN,Escape
706,Early,Mattia,emattiajl@bandcamp.com,CN,Ram 1500
707,Bogart,Roadnight,broadnightjm@hostgator.com,CN,Monaco
708,Spike,Buesden,sbuesdenjn@upenn.edu,JP,Ranger
709,Glyn,Kleis,gkleisjo@sciencedirect.com,BY,Grand Caravan
710,Theodoric,Letham,tlethamjp@networksolutions.com,PK,Z4
711,Curcio,Cazalet,ccazaletjq@myspace.com,CN,LS
712,Sisely,Hamshere,shamsherejr@sciencedaily.com,ID,MPV
713,Flora,Verbruggen,fverbruggenjs@sbwire.com,LT,Yukon XL 1500
714,Dacie,Worgen,dworgenjt@networksolutions.com,PL,Dakota
715,Doe,Ambrozewicz,dambrozewiczju@printfriendly.com,PH,Sentra
716,Merci,Goricke,mgorickejv@multiply.com,IE,960
717,Gifford,Blick,gblickjw@de.vu,ID,Sportvan G10
718,Wendy,Wolstencroft,wwolstencroftjx@youku.com,CN,Breeze
719,Rice,Fitchew,rfitchewjy@amazon.de,SE,Sonata
720,Berenice,Tustin,btustinjz@wufoo.com,PH,H3
721,Monti,Ridgwell,mridgwellk0@wikia.com,CN,Rio
722,Deena,Pyke,dpykek1@delicious.com,CO,Continental
723,Klement,Escudier,kescudierk2@admin.ch,TH,C30
724,Eryn,Godehard.sf,egodehardsfk3@reuters.com,MX,S-Class
725,Davey,Tregien,dtregienk4@shareasale.com,PT,Legend
726,Haleigh,Sweetmore,hsweetmorek5@miibeian.gov.cn,PH,Dakota Club
727,Charyl,Gunningham,cgunninghamk6@reverbnation.com,PE,Regal
728,Mead,Ruffy,mruffyk7@cargocollective.com,UA,Jimmy
729,Orson,Mault,omaultk8@ow.ly,KZ,Cougar
730,Morganne,Blankenship,mblankenshipk9@live.com,CN,Impreza
731,Sydel,Jeffery,sjefferyka@reddit.com,CN,Civic
732,Stuart,Downe,sdownekb@nbcnews.com,ID,Millenia
733,Ermina,Harley,eharleykc@house.gov,VN,Tahoe
734,Sanford,Dishmon,sdishmonkd@yellowpages.com,ID,Bonneville
735,Hailee,Lockhart,hlockhartke@sitemeter.com,ID,Rendezvous
736,Noll,O'Malley,nomalleykf@51.la,ID,4000CS Quattro
737,Wade,Schusterl,wschusterlkg@bloglovin.com,RU,GTI
738,Liane,Sumbler,lsumblerkh@myspace.com,IS,Regal
739,Abeu,Danick,adanickki@sun.com,ID,Mirage
740,Suzi,Chimenti,schimentikj@phoca.cz,PH,Ram Van B350
741,Roxine,Ducham,rduchamkk@jugem.jp,MK,Tribeca
742,Bridget,Delacroux,bdelacrouxkl@altervista.org,ID,F-Series
743,Jonell,Fossord,jfossordkm@google.co.jp,BG,Firebird
744,Curt,Sattin,csattinkn@prlog.org,GT,MX-5
745,Nathaniel,Sciusscietto,nsciussciettoko@unicef.org,LT,Boxster
746,Amil,Godsal,agodsalkp@flickr.com,BR,4Runner
747,Godart,Rihanek,grihanekkq@prlog.org,RU,Continental GTC
748,Alexander,Toolan,atoolankr@sohu.com,MH,Camaro
749,Mariel,Abendroth,mabendrothks@cnet.com,CN,Neon
750,Marie-jeanne,Tesdale,mtesdalekt@newsvine.com,ID,Grand Caravan
751,Chauncey,Fullom,cfullomku@youtu.be,BR,Blackwood
752,Katalin,Oldcroft,koldcroftkv@squidoo.com,KP,Accord
753,Zeb,Bernardt,zbernardtkw@jigsy.com,ID,Escort
754,Gilda,Casaccia,gcasacciakx@weather.com,CN,911
755,Byron,Mitchener,bmitchenerky@cocolog-nifty.com,PT,CR-V
756,Eddie,Farrance,efarrancekz@blogger.com,BR,Stratus
757,Adelaida,Overlow,aoverlowl0@amazon.co.jp,ID,350Z
758,Franklin,Doree,fdoreel1@sina.com.cn,UA,Titan
759,Pail,Casebourne,pcasebournel2@soup.io,NL,XG350
760,Lizzie,Moxom,lmoxoml3@yellowbook.com,CN,Escort
761,Loutitia,Kmieciak,lkmieciakl4@jiathis.com,SE,Thunderbird
762,Jessie,Allone,jallonel5@symantec.com,CN,Wrangler
763,Mark,Brodhead,mbrodheadl6@tamu.edu,ID,LS
764,Georgianne,Ladds,gladdsl7@purevolume.com,ID,Mazda5
765,Farly,Pedron,fpedronl8@weebly.com,MX,Samurai
766,Steve,Skillman,sskillmanl9@mit.edu,MD,200SX
767,Jolynn,Delamaine,jdelamainela@hhs.gov,PL,F-Series
768,Elva,O'Carroll,eocarrolllb@yahoo.com,PT,Ram 3500
769,Gena,Benezet,gbenezetlc@privacy.gov.au,IE,Avalon
770,Amabelle,Biggs,abiggsld@behance.net,CN,Santa Fe
771,Domenic,Earey,deareyle@mit.edu,UA,Dakota Club
772,Chrissie,Nagle,cnaglelf@imgur.com,IR,Mirage
773,Jobyna,Sang,jsanglg@issuu.com,RU,M3
774,Lorna,Sarre,lsarrelh@skyrock.com,ID,900
775,Zandra,Cluderay,zcluderayli@amazon.co.jp,RU,9-7X
776,Mitch,O'Loinn,moloinnlj@usnews.com,PT,Riviera
777,Florry,Iseton,fisetonlk@theguardian.com,EC,Jimmy
778,Hill,Askem,haskemll@telegraph.co.uk,ID,8 Series
779,Kiersten,Deering,kdeeringlm@mayoclinic.com,ID,Corolla
780,Stacia,Earthfield,searthfieldln@eepurl.com,FI,Dakota
781,Blinni,Saltmarsh,bsaltmarshlo@cornell.edu,PL,Terraza
782,Fawnia,Hallford,fhallfordlp@businessinsider.com,TZ,Cutlass Supreme
783,Wadsworth,Bridson,wbridsonlq@pinterest.com,RU,Miata MX-5
784,Eba,Radwell,eradwelllr@a8.net,CN,California
785,Sutherland,Hardwick,shardwickls@free.fr,EG,Thunderbird
786,Heath,Pashenkov,hpashenkovlt@freewebs.com,PE,Explorer
787,Bernadette,Gotobed,bgotobedlu@harvard.edu,BR,Armada
788,Mignonne,Carling,mcarlinglv@ow.ly,RU,Brooklands
789,Everett,Dailly,edaillylw@acquirethisname.com,JP,Sorento
790,Katusha,Neggrini,kneggrinilx@lulu.com,PE,Bonneville
791,Gawain,Sauvain,gsauvainly@ustream.tv,ZM,Sable
792,Ferrel,Pointing,fpointinglz@house.gov,CN,Tahoe
793,Alessandra,Till,atillm0@bing.com,ID,Civic
794,Winny,Pocknoll,wpocknollm1@un.org,NO,Chariot
795,Arturo,Hatz,ahatzm2@blog.com,ID,911
796,Doe,Paulon,dpaulonm3@free.fr,HU,Passat
797,Cordi,Beneze,cbenezem4@last.fm,SE,Mountaineer
798,Anita,Dye,adyem5@alibaba.com,PT,Bravada
799,Elise,Rottcher,erottcherm6@netlog.com,CN,Corsica
800,Shurlock,Brokenshaw,sbrokenshawm7@marketwatch.com,CN,Chariot
801,Lina,Widdison,lwiddisonm8@so-net.ne.jp,CN,Century
802,Roselin,Soonhouse,rsoonhousem9@acquirethisname.com,UZ,Armada
803,Lesley,Sharpling,lsharplingma@weather.com,CN,Q
804,Tyson,Woolger,twoolgermb@360.cn,PH,Express 1500
805,Florie,Philippon,fphilipponmc@economist.com,ID,XLR
806,Noell,Aveson,navesonmd@clickbank.net,CN,Accent
807,Tades,Roskrug,troskrugme@google.de,ID,E150
808,Alysia,Ouchterlony,aouchterlonymf@smugmug.com,NG,Elantra
809,Leontine,Kase,lkasemg@parallels.com,NI,SX4
810,Maxie,Trammel,mtrammelmh@intel.com,PY,Loyale
811,Deeann,Stuchbery,dstuchberymi@prweb.com,CN,Intrepid
812,Carlynn,Ferronet,cferronetmj@ameblo.jp,PH,H1
813,Hurleigh,Nance,hnancemk@godaddy.com,KG,Park Avenue
814,Aurea,Neggrini,aneggriniml@answers.com,CN,Amanti
815,Bianka,Bourtoumieux,bbourtoumieuxmm@163.com,CO,Aspen
816,Salomon,Worsnup,sworsnupmn@netvibes.com,BO,9000
817,Xavier,Constable,xconstablemo@jiathis.com,ID,Mirage
818,Tucker,Chomiszewski,tchomiszewskimp@yelp.com,PH,600
819,Kerrie,Ogle,koglemq@unblog.fr,GR,Charger
820,Burl,Kield,bkieldmr@economist.com,CN,G-Series 1500
821,Crystal,Poulter,cpoulterms@omniture.com,GR,Solara
822,Angelle,Tadman,atadmanmt@intel.com,ID,Sonata
823,Alika,Otter,aottermu@bandcamp.com,RU,LS
824,Gal,Szymoni,gszymonimv@state.gov,HN,Pajero
825,Lisa,Clousley,lclousleymw@discuz.net,BG,E-Series
826,Fletch,Grundy,fgrundymx@thetimes.co.uk,RU,Galant
827,Gael,Coulthurst,gcoulthurstmy@ycombinator.com,CO,Cobalt
828,Malcolm,Wollen,mwollenmz@addtoany.com,NP,C30
829,Lindon,Ortner,lortnern0@ted.com,SE,Ram Van 3500
830,Stacee,Mayhou,smayhoun1@themeforest.net,KP,Pajero
831,Kary,Cardis,kcardisn2@wired.com,MX,Spectra5
832,Ida,Ridulfo,iridulfon3@shareasale.com,CA,Range Rover
833,Cathyleen,Prando,cprandon4@cnet.com,PH,Grand Marquis
834,Winni,Parkyn,wparkynn5@boston.com,RU,Thunderbird
835,Carrie,Crichton,ccrichtonn6@pen.io,AR,Odyssey
836,Bevan,Zamora,bzamoran7@wunderground.com,PH,X5
837,Marsha,Gorgl,mgorgln8@washington.edu,BR,Econoline E250
838,Anissa,Mellem,amellemn9@illinois.edu,RU,STS
839,Buckie,Becconsall,bbecconsallna@tmall.com,KZ,Land Cruiser
840,Shellie,Ratnage,sratnagenb@techcrunch.com,CN,Elise
841,Herb,Lichtfoth,hlichtfothnc@google.co.uk,CN,Regal
842,Ezmeralda,De Luna,edelunand@engadget.com,CN,New Yorker
843,Cecilia,Vasyushkhin,cvasyushkhinne@bloglines.com,PH,Expedition
844,Willabella,Fosserd,wfosserdnf@nyu.edu,MK,Sierra 2500HD
845,Fitzgerald,Petti,fpetting@apple.com,RU,XC70
846,Dwight,Alti,daltinh@clickbank.net,CN,XL-7
847,Christan,Obbard,cobbardni@intel.com,UA,Xterra
848,Martita,Werrit,mwerritnj@prnewswire.com,PK,Sonata
849,Carolina,Gallegos,cgallegosnk@naver.com,UA,3500
850,Rickie,Haydon,rhaydonnl@w3.org,JP,Ram 3500
851,Shellie,O'Doohaine,sodoohainenm@imdb.com,UA,F-Series
852,Bianka,Bourchier,bbourchiernn@wikia.com,CZ,V50
853,Errol,Jezard,ejezardno@flickr.com,KW,GTI
854,Lorelle,Bearblock,lbearblocknp@blinklist.com,CN,MX-6
855,Aprilette,Gladding,agladdingnq@booking.com,ML,Tahoe
856,Carole,Gytesham,cgyteshamnr@wsj.com,CN,Riviera
857,Adey,Grishunin,agrishuninns@is.gd,ZA,Mighty Max Macro
858,Peggie,Arrault,parraultnt@mysql.com,PE,TT
859,Yvon,Spray,yspraynu@washington.edu,RU,MR2
860,Pattin,Tozer,ptozernv@mapquest.com,CN,CR-V
861,Olga,Caras,ocarasnw@hubpages.com,ZM,Corrado
862,Sascha,Noblet,snobletnx@1688.com,PA,H2
863,Hobey,Croshaw,hcroshawny@weebly.com,PH,928
864,Alanah,Scintsbury,ascintsburynz@amazon.co.jp,CN,Blazer
865,Edie,Strognell,estrognello0@yale.edu,AL,Bronco II
866,Judas,Braim,jbraimo1@blog.com,EC,3500 Club Coupe
867,Anatole,Walshaw,awalshawo2@dailymail.co.uk,CN,9-4X
868,Anselm,Grint,agrinto3@youtu.be,ID,6 Series
869,Mychal,Pawlaczyk,mpawlaczyko4@naver.com,AM,Trooper
870,Kelcy,Bagnold,kbagnoldo5@webeden.co.uk,PE,IS
871,Marcel,Shepherd,mshepherdo6@berkeley.edu,PT,Grand Prix
872,Orton,Carsey,ocarseyo7@examiner.com,ID,Eclipse
873,Wally,Baber,wbabero8@dot.gov,PT,R-Class
874,Laughton,Fost,lfosto9@va.gov,CN,Samurai
875,Pris,Kleisel,pkleiseloa@ed.gov,ID,HHR Panel
876,Anabella,Effnert,aeffnertob@columbia.edu,CN,Challenger
877,Horace,Cantopher,hcantopheroc@boston.com,CA,E-Class
878,Katusha,Temperton,ktempertonod@ucoz.com,JO,Esteem
879,Neala,Bleackly,nbleacklyoe@i2i.jp,FR,Cayman
880,Engracia,Ray,erayof@cdc.gov,CN,Mark VII
881,Garwood,Paquet,gpaquetog@domainmarket.com,PH,Pilot
882,Neala,Fawlks,nfawlksoh@narod.ru,PT,Civic
883,Amberly,Jeyes,ajeyesoi@noaa.gov,ID,QX
884,Jacob,Blackah,jblackahoj@umn.edu,ID,I
885,Walt,Corby,wcorbyok@ucoz.com,PH,Regal
886,Franny,Sainsbury-Brown,fsainsburybrownol@360.cn,CN,5000S
887,Clark,Haney`,chaneyom@cmu.edu,CN,Caravan
888,Xerxes,Craufurd,xcraufurdon@fastcompany.com,SE,Murci√©lago
889,Ignatius,O'Hoolahan,iohoolahanoo@tinypic.com,UA,GTO
890,Marlene,Warrender,mwarrenderop@vinaora.com,TH,Century
891,Jessica,Bunny,jbunnyoq@cornell.edu,BR,LaCrosse
892,Jefferey,Vasyukhin,jvasyukhinor@wikipedia.org,ID,Passat
893,Reba,Gelland,rgellandos@so-net.ne.jp,MX,Prius
894,Barnabas,Meier,bmeierot@slate.com,CN,Swift
895,D'arcy,Gleaves,dgleavesou@ox.ac.uk,CZ,370Z
896,Eilis,Wareing,ewareingov@ask.com,NG,Altima
897,Linda,Garaway,lgarawayow@washington.edu,TH,Galant
898,Geno,Roch,grochox@mayoclinic.com,CN,LS
899,Edythe,Aggott,eaggottoy@google.cn,US,LeSabre
900,Valaree,Roskruge,vroskrugeoz@businessinsider.com,BZ,Mirage
901,Avril,Ablett,aablettp0@smh.com.au,BR,Celica
902,Nonah,Cochern,ncochernp1@admin.ch,UA,Sienna
903,Padriac,Housaman,phousamanp2@nifty.com,CN,Rainier
904,Ebenezer,Kerwick,ekerwickp3@hatena.ne.jp,MY,Freestar
905,Frederico,Hammond,fhammondp4@hc360.com,JP,9000
906,Gawain,Jillions,gjillionsp5@nbcnews.com,ZW,Grand Prix
907,Gayleen,Grigs,ggrigsp6@springer.com,MN,Astro
908,Elonore,Notman,enotmanp7@wiley.com,SE,1500
909,Maurice,Kick,mkickp8@nps.gov,FR,88
910,Stanley,Chitter,schitterp9@acquirethisname.com,CN,S-Class
911,Vanessa,Surmeir,vsurmeirpa@a8.net,YE,7 Series
912,Olympe,Quiddihy,oquiddihypb@ucoz.com,GB,Rio
913,Eolanda,Mattsson,emattssonpc@upenn.edu,CN,Mirage
914,Meris,Cullin,mcullinpd@state.tx.us,VN,Camry
915,Keenan,Caine,kcainepe@berkeley.edu,NI,Continental
916,Astrix,Sausman,asausmanpf@blogspot.com,BR,Samurai
917,Earvin,Coverdale,ecoverdalepg@angelfire.com,SE,C8 Double 12 S
918,Virginie,Rainbird,vrainbirdph@ask.com,SE,Somerset
919,Sephira,Kynoch,skynochpi@army.mil,KP,Forester
920,Zitella,Dofty,zdoftypj@dyndns.org,PH,240SX
921,Pooh,Coldicott,pcoldicottpk@washingtonpost.com,RU,Passat
922,Ania,Deniso,adenisopl@archive.org,AF,Sierra 3500
923,Merola,Castells,mcastellspm@jimdo.com,PT,Camaro
924,Celina,Firby,cfirbypn@qq.com,CO,Diablo
925,Desmund,Reijmers,dreijmerspo@youtu.be,CL,Yukon
926,Miguel,Barok,mbarokpp@t-online.de,BR,I
927,Jarad,Whitta,jwhittapq@cloudflare.com,PK,GT-R
928,Elsy,Frowde,efrowdepr@state.tx.us,BR,Continental
929,Marquita,Birkmyr,mbirkmyrps@yolasite.com,ID,Maxima
930,Shaw,Ruppeli,sruppelipt@bigcartel.com,BR,300ZX
931,Maurizia,Yurlov,myurlovpu@bbc.co.uk,RU,SL-Class
932,Shelton,Halhead,shalheadpv@elpais.com,SV,Mazdaspeed 3
933,Letisha,Lecky,lleckypw@altervista.org,PH,Metro
934,Beck,Jouanet,bjouanetpx@merriam-webster.com,CN,Voyager
935,Nicoli,McCurtin,nmccurtinpy@hostgator.com,FR,Protege
936,Torey,Rossetti,trossettipz@ftc.gov,ID,Vantage
937,Trescha,Deelay,tdeelayq0@google.co.uk,PT,Solstice
938,Amos,Gooda,agoodaq1@wikispaces.com,PH,Axiom
939,Leda,Kingett,lkingettq2@opera.com,CN,M5
940,Winfield,Blankau,wblankauq3@wisc.edu,ID,GS
941,Tania,Cordier,tcordierq4@cnet.com,CN,Prius
942,Gawen,Fairholme,gfairholmeq5@princeton.edu,PE,Escalade EXT
943,Dale,Nevett,dnevettq6@google.com,PH,Shadow
944,Gertrudis,Painter,gpainterq7@opensource.org,BW,2500
945,Lilian,Guilleton,lguilletonq8@studiopress.com,CZ,1500
946,Lilly,Hanhard,lhanhardq9@ed.gov,PH,Thunderbird
947,Lorita,Blance,lblanceqa@bbb.org,NL,Caliber
948,Avram,Orneles,aornelesqb@imgur.com,ID,Cavalier
949,Dianemarie,Cuerdale,dcuerdaleqc@furl.net,ID,Lucerne
950,Lazarus,Harbard,lharbardqd@symantec.com,CN,Outback
951,Marena,Yakubovich,myakubovichqe@google.com,CN,Crown Victoria
952,Bern,Brithman,bbrithmanqf@biglobe.ne.jp,PT,Elantra
953,Fleming,De la Eglise,fdelaegliseqg@abc.net.au,GR,62
954,Rudolph,Lilywhite,rlilywhiteqh@twitter.com,TN,Uplander
955,Karlotta,Amthor,kamthorqi@shop-pro.jp,ID,9-3
956,Adan,Lucio,alucioqj@hubpages.com,PH,Quest
957,Jacquelyn,Shipperbottom,jshipperbottomqk@ihg.com,HR,G
958,Rosalyn,Whipp,rwhippql@harvard.edu,ID,Solara
959,Silvanus,Borlease,sborleaseqm@skype.com,MY,Edge
960,Elijah,Tedorenko,etedorenkoqn@hostgator.com,PH,1 Series
961,Winifred,Arrighi,warrighiqo@examiner.com,SE,525
962,Lulu,Saffle,lsaffleqp@discovery.com,GT,Sterling
963,Morganne,Curling,mcurlingqq@netscape.com,CN,Tahoe
964,Cecilla,Olivier,colivierqr@mapy.cz,SE,9-5
965,Daryl,Badgers,dbadgersqs@google.com.br,BA,Seville
966,Kipp,Sweetland,ksweetlandqt@cmu.edu,US,B-Series
967,Brok,Garrud,bgarrudqu@youku.com,CN,XL7
968,Dave,South,dsouthqv@stumbleupon.com,BG,Echo
969,Kenneth,Jillett,kjillettqw@springer.com,BR,MX-6
970,Emera,Bustin,ebustinqx@etsy.com,CN,Traverse
971,Jeralee,Spender,jspenderqy@businesswire.com,PE,GL-Class
972,Hildegaard,Birnie,hbirnieqz@gizmodo.com,JP,Town & Country
973,Antonie,McGavin,amcgavinr0@washingtonpost.com,MV,Cabriolet
974,Arabele,Peppin,apeppinr1@bloomberg.com,CN,F-Series
975,Alex,Butterworth,abutterworthr2@merriam-webster.com,CN,Z3
976,Vitoria,Brosch,vbroschr3@icq.com,RU,LS
977,Cicily,Farress,cfarressr4@mlb.com,BR,B-Series
978,Lynnette,O'Longain,lolongainr5@seattletimes.com,FR,H1
979,Faythe,Belbin,fbelbinr6@last.fm,PH,Navigator L
980,Patrice,Scutter,pscutterr7@infoseek.co.jp,AF,LS
981,Kimberli,Teffrey,kteffreyr8@netvibes.com,FR,626
982,Karlotta,Guerin,kguerinr9@yelp.com,PH,911
983,Nerti,Enbury,nenburyra@mysql.com,NL,D150
984,Wyndham,Rusk,wruskrb@oracle.com,PL,Impreza WRX
985,Amitie,Kaaskooper,akaaskooperrc@ning.com,PH,CR-V
986,Phillida,Loveard,ploveardrd@sun.com,CN,3 Series
987,Averil,Fishbourn,afishbournre@live.com,FI,CR-V
988,Aeriela,Bourchier,abourchierrf@bizjournals.com,ID,IS
989,Anett,Mathiassen,amathiassenrg@illinois.edu,RU,Escalade EXT
990,Rufe,Houndson,rhoundsonrh@gizmodo.com,UA,Accord
991,Tory,Penas,tpenasri@github.io,NO,CR-V
992,Elka,Vaissiere,evaissiererj@netvibes.com,CN,Integra
993,Dud,Marcum,dmarcumrk@yellowbook.com,AR,Riviera
994,Ethelbert,Lindsell,elindsellrl@virginia.edu,PH,Savana 2500
995,Stormi,Foyle,sfoylerm@google.ca,FR,Accent
996,Boycie,Burborough,bburboroughrn@microsoft.com,CO,F350
997,Rand,Frankiss,rfrankissro@blinklist.com,CN,GX
998,Dean,Bresman,dbresmanrp@storify.com,ID,SL-Class
999,Silvia,Grisewood,sgrisewoodrq@lulu.com,NG,Cabriolet
1000,Kalil,Chestney,kchestneyrr@skyrock.com,CN,Discovery Series II
